	doc_id	adjudicator_id	label	text
635	636	kaikeins	E	What movie title was translated in China as I Am That Guy From Seinfeld So Its Acceptable for Straight People to Enjoy This Gay Movie?
268	269	mhannon	E	In what US state was magician David Copperfield born?
305	306	mhannon	AL	What does the word trilobite mean?
901	902	ehansellbaum	E	The 1997 Spanish movie Abre los ojos was remade in 2001 and starred this actress in both releases.
950	951	ehansellbaum	H	The scepter of the British monarch includes one of the largest diamonds in the world, the Cullinan I.
54	55	ehansellbaum	H	Known as Old Rough and Ready, he was elected president of the US partly because he gained fame by victories over the Mexicans in northern Mexico during the Mexican–American War.
35	36	ehansellbaum	AL	Who wrote The Mephisto Club, The Apprentice, and The Surgeon?
502	503	kaikeins	AL	In Harry Potter and the Chamber of Secrets, Harry, Hermione, and Ron drink Polyjuice Potion, so they can sneak into the Slytherin common room and find out if Draco is the heir of Slytherin. Harry and Ron successfully turn into Crabbe and Goyle, but Hermione turns into what kind of animal by mistake?
370	371	mhannon	SL	The clue words are Small, Fly, Wheel, Regulates, Speed and Spinning. Guess the password.
690	691	thientran	E	Actor Peter Graves is the older brother of James Arness, popular for portraying Marshal Matt Dillon on the drama series Gunsmoke.
731	732	thientran	E	What movie title was translated in Japan as I Love My Dad The Best In The World?
700	701	thientran	E	In KF, what is the perk in which one can do the most damage with the flame thrower?
521	522	kaikeins	E	During WWII Errol Flynn tried to enlist in the US armed forces.
421	422	kaikeins	G	What is the other name of the Indonesian archipelago known as the Maluku Islands?
365	366	mhannon	G	Which of these nicknames refers to the U.S. state of Delaware?
705	706	thientran	AL	Apart from George Orwells novel 1984, which novel by G.K .Chesterton, is set in the year 1984?
640	641	kaikeins	H	This pharaoh, commonly known as Cheops, ruled from 2589 to 2566 B.C.
657	658	thientran	G	The Prater is a large building in Vienna, Austria.
870	871	thientran	AL	What Impressionist painter created Peasant Woman Carrying Two Bundles of Hay?
471	472	kaikeins	SN	Which of these is characteristic of a supercell?
69	70	ehansellbaum	G	Which mountain is the highest in the Andes?
87	88	ehansellbaum	E	France also turned this short title into The Young People Who Traverse Dimensions While Wearing Sunglasses. If you saw the movie and its sequels, recognition will come quickly. If not, guess.
198	199	ehansellbaum	SL	Rice is the main ingredient of sushi.
418	419	kaikeins	H	Who first popularized New York Citys famous nickname The Big Apple?
814	815	thientran	E	In classical chamber music, these four instruments make up a string quartet.
842	843	thientran	AL	What is the name of Harry Potters brilliant female best friend?
499	500	kaikeins	AL	This was the first major art movement of the 20th century. It featured wild, brush strokes, abstract and distorted images from nature, painted in unnatural colors. Matisse and Braque were involved in this movement for a short amount of time.
339	340	mhannon	E	What actor stars as retired jewel thief opposite Grace Kelly in Alfred Hitchcocks romantic thriller To Catch a Thief?
595	596	kaikeins	E	This one from Spain should really be easy. They called it Knight of the Night, but its true name is what?
647	648	kaikeins	SL	If the Taiwanese director doesn’t win an Oscar, hell ________________.
960	961	ehansellbaum	AL	Which of these is considered the first Gothic heroine ever?
338	339	mhannon	SL	Which of the following coaches is known as the all time winningest basketball coach in NCAA history?
564	565	kaikeins	G	The prime meridian passes through Australia.
65	66	ehansellbaum	AL	Printer steganography is a type of steganography where tiny yellow dots are added to each page.
361	362	mhannon	E	Which actress was box office poison because of her series of movie flops and negative fan polls?
977	978	ehansellbaum	G	In which of these U.S. states is there a town called Iron City?
754	755	thientran	SL	Whenever I see five toes, I know _____________.
319	320	mhannon	SN	A baby kangaroo is called a joey.
90	91	ehansellbaum	E	What city in Louisiana was Fletch going to in the comedy movie Fletch Lives?
454	455	kaikeins	E	During the first Academy Awards, Warner Brothers got an Honorary Award for The Jazz Singer. What individual got an Honorary Award as well?
642	643	kaikeins	SN	What innovation did the Hudson Motor Car Company introduce in 1948 that almost all manufacturers would adopt in their vehicles?
758	759	thientran	H	Is it true that Bichons were court dogs during the Middle Ages?
60	61	ehansellbaum	E	In what famous series did William Powell play a detective?
329	330	mhannon	E	This movie title is translated into German as Floppy Coppers Don’t Bite or Yellow Coppers Don’t Bite.
364	365	mhannon	H	In 1984, this cleric and activist became the second South African to win the Nobel Peace Prize.
768	769	thientran	E	In the movie L.A Confidential, Kim Basinger portrays a prostitute who is this actress look-alike.
543	544	kaikeins	H	What was the approximate population of the United States at the time of the first census?
539	540	kaikeins	AL	In 2006, the creator of the FoxTrot comic-strip stopped making a daily publication and switched to a Sunday only format.
612	613	kaikeins	E	What sci-fi epic, directed by Peter Jackson, became the third movie to win all eleven Academy Awards for which it was nominated?
828	829	thientran	H	In September 1984, Western Australia became the last Australian state to abolish capital punishment. When was it last used in the country?
856	857	thientran	E	What Hollywood actress starred opposite Matthew Perry in the 1997 romantic comedy Fools Rush In?
48	49	ehansellbaum	SN	Bats are blind.
533	534	kaikeins	AL	Who was Jane Austens closest friend and confidante?
638	639	kaikeins	E	In what country was action star Bruce Lee born?
577	578	kaikeins	E	What was the name of the machine Skeeters mother bought to straighten her hair in The Help?
53	54	ehansellbaum	H	Audrey Hepburns parents were members of the British Union of Fascists.
123	124	ehansellbaum	E	What thriller set in Mexico and directed by Tony Scott, starred Kevin Costner, Madeleine Stowe and Anthony Quinn?
885	886	thientran	H	This USA Senator was born in Illinois. His father was Irish/American and his mother was born in Lithuania.
887	888	thientran	E	In 2012, this actor married Hilaria Thomas, an instructor with Yoga Vida in Manhattan, who is 26 years his junior.
164	165	ehansellbaum	E	In the strategy game Battle Nations, the Wimp has the highest possible attack off any unit.
52	53	ehansellbaum	AL	Who wrote Chopping Spree, Double Shot and The Cereal Murders?
512	513	kaikeins	AL	Define absentee.
877	878	thientran	AL	What pattern of bullet holes did Sherlock Holmes create on the interior wall of his lodgings, apparently just for pistol shooting practice?
148	149	ehansellbaum	H	This US general was nicknamed Old Blood and Guts.
173	174	ehansellbaum	G	What measurement system is commonly used in the United States?
310	311	mhannon	E	In the animated film One Hundred and One Dalmatians, what distracts the Baduns long enough to allow Sergeant Tibbs to flee with the puppies?
261	262	mhannon	SN	This person described both the Silurian and Permian systems during the 19th century.
204	205	mhannon	G	One of the first things youll notice at the Beijing airport is __________________.
550	551	kaikeins	H	When did Alexander the Great found the city of Alexandria?
293	294	mhannon	AL	Who wrote the 2006 novel The Inheritance of Loss?
32	33	ehansellbaum	AL	This is the fear of church or going to church
626	627	kaikeins	H	What store contacted Mrs. Sara Lee Creech in 1950 and invited her to a meeting?
518	519	kaikeins	SN	The clue words are Diaphragm, Mind and Nerve. Guess the password.
423	424	kaikeins	H	Who was the first ruler to be crowned as Tsar of All Russia?
327	328	mhannon	SN	What is the subject of study of the science called ethnoornithology?
864	865	thientran	E	The 2010 Oscar for Best Picture and Best Director went to The Hurt Locker, a movie set during this war.
782	783	thientran	SN	What is lateral epicondylitis commonly known as?
909	910	ehansellbaum	AL	At the Junior League Benefit, fictional character Celia Foote accidentally tears Hillys gown. What social faux pas does she commit next?
718	719	thientran	E	John Cleese co-wrote the comedy series Fawlty Towers with which other member of the cast?
22	23	ehansellbaum	E	This redhead playwright became the first person in history to be awarded both a Nobel Prize and an Oscar, for his contributions to literature and for his work on the film Pygmalion.
881	882	thientran	H	Who was the 10th U.S. President?
879	880	thientran	E	The Sunny Classroom is the Japanese title of this American movie.
733	734	thientran	E	Billy Wilder co-wrote many screenplays with I.A.L. Diamond. Which of these was not one of them?
622	623	kaikeins	H	The Cambridge Five was a ring of Soviet spies based in the UK.
302	303	mhannon	E	What was the name of the restaurant Jethro opened in an episode of The Beverly Hillbillies?
46	47	ehansellbaum	SN	Some of the the most famous rubies in crown jewels around the world, including the Black Princes Ruby and the Timur Ruby in the British Crown Jewels, are actually what kind of mineral?
245	246	mhannon	AL	These were the last words spoken by Oscar Wildes character Dorian Grey, before the servants found his body, stabbed in the heart and suddenly aged.
270	271	mhannon	SL	Australian Sydney Cavill is credited as the originator of this swimming stroke, which was first swum in competition in 1933 and is the newest of the four major strokes.
998	999	ehansellbaum	AL	Who did Warriors character Fireheart save in the fire?
670	671	thientran	SN	In what geographical area are chimpanzees found naturally?
694	695	thientran	G	The Pyramid of Giza is the oldest of the Seven Wonders of the Ancient World, and the only one to remain largely intact till present day.
485	486	kaikeins	H	On and near what island in the Soloman Island group was the Japanese advance in the South Pacific stopped in 1943, after about six months of brutal fighting between the land and naval force of the US and Japan?
541	542	kaikeins	AL	If you break a string on your guitar dont ___________.
832	833	thientran	AL	Enid Blyton wrote 15 Secret Seven books. Which of the following is the title of a real Secret Seven book?
606	607	kaikeins	E	Airport Attack is the Portuguese title of this movie.
905	906	ehansellbaum	H	Mildred Fish Harnack was the only American woman executed for treason by Hitler.
161	162	ehansellbaum	E	Actor Matthew Perry had a relationship with this Oscar-winning actress before she married her second husband.
294	295	mhannon	G	William Tell, who, according to legend shot an apple off the head of his son, is a folk hero of this country.
722	723	thientran	E	Odelay, Mellow Gold and Guero make a rainy day feel like L.A., so I have a healthy dose of this artist on my IPod and on call. Can you name him?
587	588	kaikeins	E	Gene Kelly quit dancing when he was eight and didnt dance again until he was fifteen.
236	237	mhannon	E	Which Disney character, voiced by Jodi Benson, falls in love with a man named Eric?
599	600	kaikeins	E	The Teeth From the Sea is the French title of this movie.
750	751	thientran	E	Cheerio, Id better be... shoveling off; Business is a little dead tonight were phrases uttered by the the friendly undertaker on what show?
6	7	ehansellbaum	SL	A drunk guy is sitting in a bar. There is a very buxom lady a few seats down. A fellow at the end of the bar calls for a beer. The bartender fills the mug and slides it down the bar. It hits the ladys breasts and spills all over them. The bartender goes over, retrieves the glass and licks the beer off of her breasts. This happens a couple more times. The next time, the drunk jumps up and starts to lick her breasts. She decks him. Hes laying on the floor and moans, Why do you let the bartender do it? _____________________
871	872	thientran	AL	Agatha Christie wrote a story called The Love Detectives, featuring a Mr Harley Quin.
490	491	kaikeins	H	Which of these famous people was born in New York City?
106	107	ehansellbaum	E	What ballet tells the story of a peasant girl whose ghost protects her lover after her premature death?
118	119	ehansellbaum	AL	In which book the main hero discovers that she is a descendant of the Merovingian blood line as well as Jesus Christ.
350	351	mhannon	AL	New Atlantis is a novel by Sir Francis Bacon.
915	916	ehansellbaum	E	In what country was actress Gwyneth Paltrow born?
729	730	thientran	E	Which of these is a characteristic trait of waltz?
70	71	ehansellbaum	AL	What is the name of the nymph that transformed herself into a goat in order to feed Zeus when he was a baby?
787	788	thientran	H	Saint Clare of Assisi founded the Order of Poor Ladies.
553	554	kaikeins	AL	In Bluestars Prophecy, why was there a battle between Windclan and Thunderclan, in which Moonflower lost her life?
876	877	thientran	SL	What country won the most gold medals at the 2010 Winter Olympics, held in Vancouver, Canada?
799	800	thientran	AL	Dante Alighieri was an Italian poet from Florence. What was his other occupation?
825	826	thientran	AL	One of Enid Blytons first books, The Secret Island, had four sequels. Which of the following is not one of them?
838	839	thientran	H	He led the Union march through Georgia, burning everything in his path.
352	353	mhannon	SN	What does the diet of sparrows mainly consist of?
372	373	mhannon	E	In a scene from this 2007 movie, Keira Knightleys character is carrying freshly picked flowers and is wearing a floral-print blouse.
933	934	ehansellbaum	G	What city houses Hans Giengs famous statue of Lady Justice?
804	805	thientran	SN	Almonds and what other fruits belong to the Rosacae (rose) family?
247	248	mhannon	E	Play me the Song of Death is a title inspired by a line from this movie.
432	433	kaikeins	H	Which was the father of the mystery ruler Merovey according the legend.
424	425	kaikeins	SN	A mackerel lays only one egg at a time.
460	461	kaikeins	H	What term used in diplomacy indicates a proscription against a person entering the country?
107	108	ehansellbaum	AL	The world of Narnia created by C.S. Lewis contained the land of Narnia and several others. Which of the following is not in the land of Narnia?
707	708	thientran	E	In the TV series Mission: Impossible, if a team member was caught or killed, who was going to disavow any knowledge of their actions?
621	622	kaikeins	H	At the age of 14 she became the youngest-ever female Olympic champion in swimming. She is the first female swimmer to have ever won the same swimming event at 3 consecutive Summer Olympics.
893	894	thientran	H	Who established himself as ruler of Egypt following Alexander the Greats death?
650	651	thientran	SN	Which of these animals is not studied by arachnology?
337	338	mhannon	AL	What is the name of the Roman goddess of luck and fate?
810	811	thientran	H	Lucy Adams Hart went to Washington to persuade President Lincoln into bringing her husband home during Civil War.
548	549	kaikeins	H	Diplomacy can be defined as the art and practice of conducting negotiations between representatives of groups or nations.
88	89	ehansellbaum	AL	What is the name of Harry Potters mean cousin?
180	181	ehansellbaum	SL	In a relay race, which swimmer is called an anchor?
359	360	mhannon	E	She posed herself as a princess from Java and her stage-name meant “sun” or “eye of the dawn”.
517	518	kaikeins	E	Which gangster film is based on the non-fiction book Wiseguy by Nicholas Pileggi?
867	868	thientran	AL	In this novel by Honoré de Balzac, a criminal-in-hiding named Vautrin tells naive law student Eugène de Rastignac that he is making him an offer that he cannot refuse.
101	102	ehansellbaum	H	The Greek God Hermes bust was discovered at Olympia.
542	543	kaikeins	E	Which movie title was translated in China as Who Is Face Belonging To? I Kill You Again, Harder!?
801	802	thientran	SN	This is the fear of laughter.
620	621	kaikeins	E	Breaking the Ice is the Spanish title of this movie.
210	211	mhannon	SL	What flavor does the popular German liqueur Barenfang have?
491	492	kaikeins	AL	This Gothic heroine left the love of her life when she discovered he was already married but they reunited in the end.
136	137	ehansellbaum	H	All of which unmarked birds in England are owned by Queen Elizabeth II?
949	950	ehansellbaum	AL	Who was Agatha Christies second husband?
8	9	ehansellbaum	SL	This mushroom walks into a bar and starts hitting on this woman. She, of course, turns him down. Not willing, to give up, he pleads with her, ____________________
666	667	thientran	H	This Treaty of Paris forced the Spanish to remove their forces from the Lombardy region of northern Italy.
40	41	ehansellbaum	E	Paladin got into the gunfighting business while trying to settle a gambling debt.
174	175	ehansellbaum	E	What does the word Argo refer to in Ben Afflecks dramatic thriller Argo?
735	736	thientran	E	In the Oscar-winning movie Life of Pi, Pi was named by his father after which of the following?
732	733	thientran	E	Who stars as a private eye and former Secret Service agent in Tony Scotts action movie The Last Boy Scout?
863	864	thientran	SN	What statement is true about dolphins?
687	688	thientran	H	Memorial Day was first enacted to honor soldiers who died in what war?
394	395	mhannon	E	Name the 2004 movie in which Val Kilmer portrayed former Marine Recon Master Gunnery Sergeant Robert Scott.
802	803	thientran	H	What was the original name of the US federal holiday known as Memorial Day?
177	178	ehansellbaum	E	This show was vaudevillian in nature and featured Wally Cox, Arnold Stang and, Buddy Hackett. It only lasted from January to April 1949 and only one episode of the show has survived.
244	245	mhannon	H	In what country were diamonds mined for the first time in human history?
847	848	thientran	SN	Which word refers to the footprint of large animals?
776	777	thientran	E	Which of these singers has Chris Brown cited as an inspiration?
111	112	ehansellbaum	E	#2 on the list of highest-grossing films is the only one from the 21st century. It features weird colorful figures. It grossed $2,782,300,000.
410	411	kaikeins	E	In what movie did Hugh Grant portray the godson of Lord Darlington?
459	460	kaikeins	E	This singer had a #1 U.S hit in 1988 with the song Right Here Waiting.
206	207	mhannon	E	Twiggy appeared in this comedy starring Robin Williams.
914	915	ehansellbaum	H	What war was launched in 2001 as Operation Enduring Freedom?
765	766	thientran	G	This city, located north of the Dead Sea, is the lowest permanently inhabited site in the world.
588	589	kaikeins	E	Who controls the weather with their weapon and is the navigator of the fictional Strawhat Pirates?
287	288	mhannon	H	At the second meeting of the Inter-racial Council, Ms. Sara Lee Creech asked some of the black parents why they would want their children to play with white dolls. What was the parents answer?
159	160	ehansellbaum	E	In which of these films has Eva Longoria appeared?
935	936	ehansellbaum	E	The actor who played this Star Trek character also starred on the television series CHiPS in the late 1970s - early 1980s.
469	470	kaikeins	E	What is the name of the company that developed the KF game?
743	744	thientran	SL	She got fired from the hot dog stand for ________________.
579	580	kaikeins	H	Who was was the first member of the British royal family to marry in a civil ceremony in England?
284	285	mhannon	E	What actress plays a character who cuts her wrists in a suicide attempt, fakes a pregnancy, kidnaps a child and boils a pet bunny?
680	681	thientran	AL	Queen Elizabeth I asked Shakespeare to write this play, which gave us the term Go-between.
774	775	thientran	E	Sophia Loren is the artistic name of Sofia Villani Scicolone.
171	172	ehansellbaum	E	Joseph  Gordon-Levitt and  Zooey Deschanel star in this romantic movie about a young man falling for a woman who does not believe in true love.
114	115	ehansellbaum	AL	In the classic French novel The Three Musketeers, young dArtagnan goes to England to retrieve Queen Annes diamond studs and protect her honor. Who had the Queen given the two diamond studs?
9	10	ehansellbaum	E	Help! My Pretend Boyfriend Is Gay! is the actual Chinese title of this film.
663	664	thientran	E	In the movie Donovans Reef, John Waynes character gave a house to his old shipmate as a wedding present.
855	856	thientran	E	Where was the secret entrance to the New York offices of U.N.C.L.E. on the TV show The Man from U.N.C.L.E.?
859	860	thientran	H	Zeus possessed power over the sky.
798	799	thientran	SN	Poisonous snakes cause the largest number or animal-related human deaths worldwide.
374	375	mhannon	SL	I didnt like my beard at first. (Provide the next sentence)
812	813	thientran	E	Who was born Stefani Joanne Angelina Germanotta?
723	724	thientran	E	What Canadian director and producer created the comedy movie Ghostbusters?
358	359	mhannon	E	Which of the following films does not star Marlene Dietrich?
170	171	ehansellbaum	AL	Which author created these characters: Celeste Chalfonte, Nickle, and sisters Juts and Weezy?
158	159	ehansellbaum	E	There were very few fight scenes on the show The Wild Wild West.
873	874	thientran	AL	Which of the following characters did NOT die at some point of the Harry Potter series?
50	51	ehansellbaum	E	Where did the Clique characters meet?
49	50	ehansellbaum	H	What part of an Egyptian pharaohs body was never allowed to be seen?
529	530	kaikeins	AL	Which knight of the Round Table is raised by the Lady of the Lake after the death of his father?
74	75	ehansellbaum	AL	At the battle of Bosworth Field, this Shakespearean character uttered the often-quoted words, A horse, a horse, my kingdom for a horse!.
845	846	thientran	E	Who recorded the 2000 song Come On Over Baby (All I Want Is You)?
546	547	kaikeins	SL	He is a fashion designer and film director. His name has been synonymous with controversy since his days at Gucci, but with the release of the provocative images for his Men fragrance, he pushed sexual boundaries like never before.
20	21	ehansellbaum	E	What year did the original movie named Cape Fear come out?
486	487	kaikeins	E	It seems the Czech Republic had its own take on this movie since they called it Santa Is A Pervert. Whats the real name?
77	78	ehansellbaum	H	When this historical figure married the Duke of Orléans (Henry II of France) in 1533, she brought with her to France some Italian chefs who had recipes for flavoured ices or sorbets.
726	727	thientran	E	Mathew Perry misses a part of which organ of his body due to an accident?
970	971	ehansellbaum	H	What mythical Christian patriarch was believed to have ruled over a Christian nation lost amidst the Muslims and pagans?
480	481	kaikeins	E	When playing KF online you cannot play the same character if someone else is already playing him.
554	555	kaikeins	H	What do Richard F. Heck, Mario Vargas Llosa, Liu Xiaobo and Robert G. Edwards have in common?
322	323	mhannon	SN	The consumption of garlic causes halitosis, or non-bacterial bad breath. The consumption of which of the following is recommended to avoid or tone down the condition?
778	779	thientran	SN	What does conchology study?
131	132	ehansellbaum	E	Michael Moore won an Academy Award for Best Documentary Feature for his film about the Columbine High School massacre. What activity that both shooters took part in did Michael Moore incorporate in the title of his film?
37	38	ehansellbaum	G	The 2010 eruption of the Eyjafjallajökull volcano, located in this country, caused extensive air travel disruption.
659	660	thientran	SL	Most of this designers collections make references to the fashion of past decades of the 20th century. Oscar de la Renta has accused him of being a mere copyist.
630	631	kaikeins	E	What movie was titled Sexy Dance in France?
286	287	mhannon	AL	Who wrote Playing for Pizza, The Brethren, and The Street Lawyer?
580	581	kaikeins	G	The national motto of Guatemala is Libre Crezca Fecundo. What does iy mean?
376	377	mhannon	AL	In The League of Frightened Men, Archie Goodwin uses the term viva voce incorrectly. What does viva voce mean?
96	97	ehansellbaum	H	He was a great economist and a fine mathematician. His ideas revolutionized the field of economy. His last words were: I wish Id drunk more champagne.
613	614	kaikeins	E	What is the occupation of Javier Bardems character in Woody Allens 2008 movie Vicky Cristina Barcelona?
556	557	kaikeins	AL	According to a theory revealed in The Man from U.N.C.L.E. novels, THRUSH was started by Nazi war criminals that had fled to South America.
73	74	ehansellbaum	SN	Mixed hot gases, during firefighting operations, can result in an explosive ignition. What is this ignition called?
274	275	mhannon	H	There are no other worlds to conquer were the last words of this great leader as he finished his conquests from Macedonia through what is now  Pakistan.
381	382	mhannon	H	Which of these is not a battle of the Seven Days Battles?
416	417	kaikeins	H	He ruled Italy from 1922 to 1943 and imposed a fascist regime through state terror and propaganda.
924	925	ehansellbaum	E	Delicate Orbs of Womanhood Bigger Than Your Head Can Hurt You was the Chinese title of this movie remake.
280	281	mhannon	AL	In Roman mythology, the god Orcus was regarded as the punisher of which of the following?
892	893	thientran	H	Who was the President of the US during the Mexican-American War?
79	80	ehansellbaum	E	What group from the 70s recorded the song Night Fever?
561	562	kaikeins	SN	A large part of mined diamonds are used for the industrial purposes of cutting, drilling, grinding, and polishing.
686	687	thientran	AL	In The Help, what did Hilly find covering her front yard, after Skeeter printed the wrong word in the Junior Leagues newsletter?
724	725	thientran	H	What hurricane made landfall in South Florida on Friday, August 13, 2004?
983	984	ehansellbaum	E	In the movie Back to the Future part 2, in the Alternate 1985, what was different about Jennifers house?
291	292	mhannon	E	This Oscar-winning actress and Winona Ryder were once roommates and close friends, but they reportedly grew apart because of a movie role.
789	790	thientran	E	A man foolishly lets his brother overstay his welcome in his home. His wife leaves him as a result. That is the basic plot of this 2009 Coen Brothers film.
955	956	ehansellbaum	AL	This is the fear of opinions.
869	870	thientran	E	What is the name of the woman on the flight with Fletch in the movie Fletch Lives?
591	592	kaikeins	AL	Who wrote the romantic Sanskrit novel Kadambari?
265	266	mhannon	AL	What Italian painter of the early Renaissance and died at the age of 27?
243	244	mhannon	E	Which character is not correctly matched with the ballet?
919	920	ehansellbaum	SL	This prominent fashion designer introduced man-skirts and designed sculptured costumes for Madonna.
971	972	ehansellbaum	AL	In which novel does a fictional totalitarian government use brainwashing-style techniques to erase nonconformist thought?
332	333	mhannon	E	What film studio cancelled Elizabeth Taylors contract after its production chief stated that She cant sing, she cant dance, she cant perform.?
479	480	kaikeins	E	Which of these famous actors was born in the U.S. state of Delaware?
132	133	ehansellbaum	AL	What painting by Pablo Picasso sold for US$106.5 million in 2010, setting a new world record for the most expensive work of art sold at auction?
605	606	kaikeins	H	From 1832-1835 there was an independent nation called The Indian Stream Republic in what is now New Hampshire.
199	200	ehansellbaum	E	What movie was released in Japan under the title Sunny Classroom?
984	985	ehansellbaum	E	Which part did John Cleese play in the BBCs Television Shakespeare series?
228	229	mhannon	SN	The Alligator Gar is the largest exclusively freshwater fish found in North America.
807	808	thientran	SN	Which animals are the subject of study of the science called apiology?
596	597	kaikeins	H	This 62 man was the first U.S. President who suffered from Brights Disease.
616	617	kaikeins	AL	Santas helpers are ________________.
163	164	ehansellbaum	E	A wax sculpture at the London Madame Tussauds museum depicts Amy Winehouse lying in a pool of blood with an apple and a bullet hole in her head. The statue is a recreation of this American authors accidental manslaughter of his wife Joan Vollmer.
644	645	kaikeins	E	What musician was knighted by Queen Elizabeth II on March 11, 1997?
209	210	mhannon	H	Besides his six marriages, this king is known for his role in the separation of the Church of England from the Roman Catholic Church.
42	43	ehansellbaum	AL	When Thomas came home from the movies, he was asked who he went with. He replied with this riddle: my sisters brothers fathers wifes sisters son.  Who did he go to the movies with?
575	576	kaikeins	SN	A cat loses heat through its whiskers.
759	760	thientran	E	The 1997 movie The Rainmaker, directed by Francis Ford Coppola, was based on the novel of the same by which celebrated author?
695	696	thientran	SN	If the Antarctic ice sheet were to melt, by how much would sea levels rise?
162	163	ehansellbaum	H	Big Bens 150th anniversary was in May 2009.
520	521	kaikeins	E	Twiggys first husband, actor Michael Witney, died of a heart attack
641	642	kaikeins	E	How many tiers of The Infected are there in the game Battle Nations?
889	890	thientran	E	In China they called this movie Night In The Cramped Forest. What is its real title?
492	493	kaikeins	E	Bruce Lee was able to throw rice grains into the air and them catch them using which of the following?
182	183	ehansellbaum	AL	This pioneer of the Beat generation earned a scholarship for Columbia University due to his athletic skills as a running back in American football. After cracking a tibia his football career was over and he dropped out of university.
929	930	ehansellbaum	AL	Sailors prayed to this Greek god for a safe voyage, sometimes drowning horses as a sacrifice.
706	707	thientran	E	Which of these producers has Chris Brown worked with?
547	548	kaikeins	G	Dolmabahçe Palace is located in the Asian part of Istanbul.
760	761	thientran	E	Who voices Lenny in the 2004 comedy movie Shark Tale?
709	710	thientran	H	This 12 doll, introduced by Ideal Toy Co. in 1956, was the first of the 50s glamour dolls. She was double marketed by Ideal and a trusted cosmetic company.
883	884	thientran	H	According to a mythological story, Zeus was cheating on his wife Hera with a nymph called Io. Just before Hera caught them, Zeus transformed Io into what animal to hide her true identity?
527	528	kaikeins	H	Veni, vidi, vici is a Latin sentence reportedly written by in 47 BC by this Roman statesman.
827	828	thientran	H	What is the last name of the first pair of brothers who have both been taken number one in the NFL draft?
809	810	thientran	SN	If  two systems are in thermodynamic equilibrium with a third system then they are in thermodynamic equilibrium with each other. Which law is this?
597	598	kaikeins	SL	I wondered why the baseball kept getting bigger. Add the next 4-word sentence.
558	559	kaikeins	E	At the beginning of Toy Story 3, Andy is 17 and packing for college. What does he intend to do with his toys?
937	938	ehansellbaum	E	What was Cary Grants birth name?
353	354	mhannon	AL	Conan Doyle described his character Colonel Sebastian Moran as the Napoleon of Crime.
354	355	mhannon	SL	Those who jump off a Paris bridge are ________.
865	866	thientran	AL	Tempted by the White Witchs promise of power, this character betrays his siblings in the novel The Lion, the Witch and the Wardrobe.
911	912	ehansellbaum	E	Jennifer Lawrence, who won the Academy Award for Best Actress for her role in Silver Linings Playbook, achieved international recognition as the heroine Katniss Everdeen in this movie.
611	612	kaikeins	H	What Roman philosopher and dramatist was tutor and later advisor to emperor Nero?
189	190	ehansellbaum	E	Corey Haims first movie role was in 1985s Secret Admirer.
100	101	ehansellbaum	H	Known as The Victory Stone, it was said to be Alexander the Greats favourite gemstone.
928	929	ehansellbaum	E	Which action film, primarily set on Alcatraz Island, is dedicated to producer Don Simpson who died five months before its release?
122	123	ehansellbaum	AL	Who wrote Kane and Abel, Paths of Glory, and False Impressions?
422	423	kaikeins	E	Jethro was Jed Clampetts nephew on the Beverly Hillibillies.
34	35	ehansellbaum	G	Mostly completed in 2008 and located on the Yangtze River, what construction marvel is billed as the Worlds Largest Electricity-Generating Plant?
890	891	thientran	E	This show originally aired from 1972 to 1981 and was based on a book called Spencers Mountain by Earl Hamner Jr. It starred Ralph Waite and Ellen Corby among others.
590	591	kaikeins	SL	A grenade thrown into a kitchen in France would result in _______________.
102	103	ehansellbaum	E	A character in the movie High School Musical is named Sharpay. Is there a dog breed with the same name?
628	629	kaikeins	AL	Who wrote Bone by Bone, The Judas Goat, and Mallorys Oracle?
368	369	mhannon	AL	What is the name of the proud Queen of the fairies in Shakespeares comedy A Midsummer Nights Dream?
385	386	mhannon	H	This 11 to 20 tall rubber doll came out in the early 1950s. What was its name and what could it do after it drank its bottle and you squeezed its tummy?
14	15	ehansellbaum	G	What is the official language of the country Guatemala?
369	370	mhannon	E	What faith was Bing Crosby a member of?
119	120	ehansellbaum	SL	This this former LSU star was the first number one draft choice to sign with the AFL rather than the NFL.
55	56	ehansellbaum	E	This American epic romance and disaster film was directed by James Cameron and stars Leonardo Di Caprio.
442	443	kaikeins	E	If you want to quit the KF game and play later you can always save your game and continue from where you left off.
303	304	mhannon	E	Magician’s assistants are _______________.
761	762	thientran	SL	A three-legged dog walked into a saloon in the Old West. He sidled up to the bar and announced, “Im looking for the man ____________.
537	538	kaikeins	E	Pavarottis last performance on stage was at the 2006 Winter Olympics in Turin.
631	632	kaikeins	SN	The seeds of this woody climbing vine or shrub yield a glycoside which can be toxic in large quantities. TV viewers may like this lane, but not its seed.
397	398	mhannon	E	Great Buddha! I Can Smell You From Afar! Take a Bath, Will You?! is the Chinese title of this movie.
594	595	kaikeins	SN	How many muscles does a cat have in each ear?
771	772	thientran	E	What Academy Award-winning actress portrays Queen Elizabeth II in the British drama The Queen, which depicts a fictional account of the events following the death of Princess Diana?
582	583	kaikeins	H	The Adbusturs activist group, which initiated the Occupy Wall Street (OWS) series of demonstrations, is based in this country.
903	904	ehansellbaum	E	Which role did Michael Palin play in Terry Gilliams film Brazil?
461	462	kaikeins	AL	This creature is the son of Medusa and Poseidon, and was born out of Medusas bleeding neck when she was beheaded by Perseus.
134	135	ehansellbaum	AL	Which word means fear of washing or bathing?
417	418	kaikeins	E	What did Paladin carry in his boot when he was traveling?
688	689	thientran	H	In what year were emoticons used for the first time?
973	974	ehansellbaum	AL	In Roman mythology, the goddess Carmenta is a protector of which of these?
951	952	ehansellbaum	H	Which of these is a saying by Russian general Alexander Suvorov?
271	272	mhannon	E	Where did Jim West carry his derringer on the TV show The Wild Wild West?
138	139	ehansellbaum	E	The song Hero was a mammoth hit song for this singer in 2001.
805	806	thientran	SN	What phenomenon is caused by air displaced within a vertical plain?
701	702	thientran	H	In late 1944, Hitler scraped up a strong force including armor and caught the American forces by surprise near the Belgium - German border. In the biggest battle fought in northwest Europe in 1944-45, the Germans pushed back the US defense line considerably until reinforcements and British help halted the German advance and eventually pushed them back into Germany. What name is this battle known by?
224	225	mhannon	E	In the highly successful 1999 drama American Beauty, what was the name of the middle-aged character going through a midlife crisis that was portrayed by Kevin Spacey?
773	774	thientran	E	Kate Winslet and her second husband, director Sam Mendes have agreed upon which of the following?
219	220	mhannon	E	What 1946 film noir, written by Raymond Chandler, tells the story of a returning war veteran and his faithless wife?
800	801	thientran	SL	Complete this quote from a novel by Jane Austen: No one who had ever met _____ ______ in her infancy would have supposed her born to be a heroine.
429	430	kaikeins	H	In what position is the hammer on the Soviet flag?
629	630	kaikeins	E	The war movie Black Hawk Down depicts the Battle of Mogadishu.
523	524	kaikeins	E	Which of the following played Sherlock Holmes on film several times?
169	170	ehansellbaum	AL	Whose daughter is Silena in the series Percy Jackson  the Olympians?
386	387	mhannon	AL	Name the little creatures that own and operate the Gringotts Wizarding Bank in the Harry Potter series.
739	740	thientran	SL	Artie is trying to enter a door, but he cant understand the instructions on the door sign which read:
959	960	ehansellbaum	SL	The airlines have become so cash-strapped, they charged me for ___________.
7	8	ehansellbaum	H	Which of the following statements refers to Ramses II, known as Ramses the Great?
28	29	ehansellbaum	E	In 2006, Eva Longoria was nominated for this award for her performance on Desperate Housewives?
895	896	thientran	H	None of the US battleships at Pearl Harbor got underway during the attack.
714	715	thientran	H	The US Constitution provides for three branches of the US government. Which of the following is NOT one of those branches?
979	980	ehansellbaum	SL	What type of meat is the German dish Hasenpfeffer traditionally made from?
463	464	kaikeins	AL	What is the name of the girl that can return home to Kansas by simply clicking the heels of her magical ruby slippers?
982	983	ehansellbaum	AL	What country does King Lear rule according to Shakespeares famous tragedy?
549	550	kaikeins	H	Which pharaoh was co-regent to his stepmother Hatshepsut during the first twenty-two years of his reign?
519	520	kaikeins	SL	During a performance for the high school drama class at the local theatre, a hole was cracked in the stage floor. Subsequent acts managed to avoid the damaged area until little Freddy, juggling bowling pins, accidentally stepped through the hole up to his knee. He apologized to the audience for his clumsiness. But a heckler in the back of the theatre shouted: Dont worry, Freddy! ______________.
538	539	kaikeins	E	Who voices Tigris in the movie Kung Fu Panda?
614	615	kaikeins	AL	Portunes was a Roman deity who was regarded as the protector of which of the following?
875	876	thientran	E	What film was called Super Speeding Cleaning Evil Accounts in Thailand?
849	850	thientran	H	Which of the following is not among the founders of Facebook, the leading social networking site of the 2000s?
624	625	kaikeins	H	What statement is true about Pyotr Arkadyevich Stolypin?
551	552	kaikeins	SL	An elephant was drinking out of a river one day, when he spotted a turtle asleep on a log. So, he ambled on over and kicked it clear across the river. What did you do that for? Asked a passing giraffe. Because I recognized it as the same turtle that took a nip out of my trunk 53 years ago. Wow, what a memory commented the giraffe. Yes, said the elephant. ______________.
957	958	ehansellbaum	E	William Powells last starring role was as Doc in this Henry Fonda WWII movie.
817	818	thientran	SN	Which statement is true about the process of creating chocolate?
917	918	ehansellbaum	SL	In democracy its your vote that counts. In feudalism its your ______________.
555	556	kaikeins	AL	Detective Kurt Wallender, based in Ystad in south Sweden, is the creation of this prolific writer.
846	847	thientran	SN	Which of these got its name from a racing horses name?
511	512	kaikeins	E	#6 on the list of highest-grossing films is a 1982 sci-fi movie by Steven Spielberg, which grossed $2,216,800,000.
991	992	ehansellbaum	AL	Herman Melvilles novel Moby-Dick contains a description of the symbolism of what animal?
21	22	ehansellbaum	H	In order to deter flies from landing on his body, Pepi II of Egypt would keep around him several naked slaves whose bodies were covered with honey.
13	14	ehansellbaum	SL	I couldnt quite remember how to throw a boomerang, but eventually ____________.
298	299	mhannon	E	What was the name of the place where Dom used to buy his fruit in the movie Fatso?
617	618	kaikeins	E	What did actor Peter Graves die from?
450	451	kaikeins	E	Which actor won the Razzie award for Worst Supporting Actor at the 30th Golden Raspberry Awards in 2010?
110	111	ehansellbaum	AL	Edgar Allan Poe is widely considered the inventor of the detective fiction genre.
304	305	mhannon	E	Which of these English actors was actually born to a Lithuanian father.
643	644	kaikeins	AL	Who does Snowfur choose as a mate in the Bluestars Prophecy?
632	633	kaikeins	G	What is the meaning of the German word der Sekt?
522	523	kaikeins	AL	The Thinker is a stone statue created by Auguste Rodin.
740	741	thientran	H	Which of these women was a lighthouse keeper who tended the Matinicus Rock Light, in Maine during a severe winter storm?
317	318	mhannon	AL	This poet and playwright was the first Irishman honored with the Nobel Prize in Literature. In his later years he served as an Irish Senator for two terms.
221	222	mhannon	SL	This Lithuanian American baseball player, son of immigrant parents, was born and raised in upstate New York. Who is he?
98	99	ehansellbaum	E	What does Miley and Lily drive around backstage in Hannah Montana: The Movie?
420	421	kaikeins	E	What actor, who was awarded an Oscar for his performance in the movie Beginners, became the oldest actor ever to win an Academy Award?
748	749	thientran	G	Ice circles or ice discs can only be observed in Scandinavia.
967	968	ehansellbaum	H	What important invention did American Jonas Salk make in 1954?
191	192	ehansellbaum	E	In the silent movie Flesh and the Devil, this actress stars as a countess whose devastating allure drives men to ruin.
405	406	kaikeins	SN	The presence of what  chemical element causes the red color of rubies?
464	465	kaikeins	E	Which of these celebrities has modelled for the Calvin Klein brand?
483	484	kaikeins	SL	Define khakis.
858	859	thientran	SL	She wanted the large estate quite badly but, she dared not ___________________.
717	718	thientran	SN	Garlic and onions are considered toxic for which animals?
980	981	ehansellbaum	G	What type of government does Guatemala have by constitution?
235	236	mhannon	E	Sunday Bloody Sunday is an overtly political song describing a 1972 incident in which 26 civil rights protesters were shot in Northern Ireland. What band recorded the song?
534	535	kaikeins	AL	This novel by American author James Baldwin is noteworthy for bringing complex representations of homosexuality. It follows the events in the life of an American living in Paris.
31	32	ehansellbaum	AL	What are the names of E. L. Doctorow?
886	887	thientran	SL	Venison for dinner again? (Provide the next phrase)
503	504	kaikeins	SN	Carbon, hydrogen, oxygen, nitrogen, phosphorus, sulfur, and energy are required by living things as well as trace amounts of numerous other elements.
112	113	ehansellbaum	E	What 80s rocker appears in the moving and thought provoking 2000 drama, Pay It Forward?
229	230	mhannon	H	The Hudson Motor Car Company was the first company in the auto industry to use which of the following?
1	2	ehansellbaum	AL	Who is the author of the novella The Diamond as Big as the Ritz which is centered around a mountain consisting of one solid diamond?
452	453	kaikeins	E	This 1984 crime movie, directed by Francis Ford Coppola and starring Richard Gere, centered on a popular 1930s jazz club in Harlem.
137	138	ehansellbaum	SN	What was the predominant climate type of the Late Cretaceous period?
507	508	kaikeins	E	What famous duo released their debut album, Wednesday Morning, 3 A.M. in 1964?
872	873	thientran	E	MoNique and Gabourey Sidibe star in this 2009 movie.
655	656	thientran	AL	Who wrote the 19th century novel Ben Hur?
990	991	ehansellbaum	E	Which of these describes best the plot of the 1946 movie Its a Wonderful Life?
426	427	kaikeins	H	Ms. Sara Lee Creech had difficulty in finding a manufacturer for her doll, so she asked author-anthropologist Zora Neale Hurston for her help. Ms. Hurston contacted some very influential friends to solicit letters of support. Which person on the list was not contacted?
257	258	mhannon	E	In the KF game, you can only obtain your weapons at the traders shop.
978	979	ehansellbaum	G	In what US state is the Tillamook Cheese Factory located?
299	300	mhannon	SL	The clue words are Trip, Family, Christmas and European. Can you guess the password?
926	927	ehansellbaum	SL	I tried to catch some fog, but  ________.
266	267	mhannon	E	Which of the following Tony Scott movies does NOT star Denzel Washington?
660	661	thientran	E	Voldemorts real name is Tom Marvolo Riddle.
997	998	ehansellbaum	AL	What Greek deity is associated with love and beauty?
84	85	ehansellbaum	AL	All the creators of the Marauders Map have died at some point of the Harry Potter series.
501	502	kaikeins	H	What was the only part of the US military establishment that was reasonably prepared for war at the beginning of US participation in World War One?
220	221	mhannon	AL	Who wrote the notable works Crime and Punishment”, The Idiot” and The Brothers Karamazov”?
841	842	thientran	H	By 1897–98 many Americans were influenced in favor of war with Spain because of stories in some US newspapers about atrocities and misdeeds of the Spanish, which were usually exaggerated or made up. Such newspapers were know at the time as which of the following?
948	949	ehansellbaum	SL	Amy wants to measure 100ml of water, but she only has two measuring cups. The first measuring cup can hold 200ml and the second can hold 300ml.  Can Amy achieve her goal?
382	383	mhannon	E	This 1981 war movie has been called the most expensive B-movie ever. Sun Myung Moon of the Unification church financed much of this film.
966	967	ehansellbaum	E	What do you have to accomplish in order to get to the traders shop in the game KF?
140	141	ehansellbaum	E	Which bozo made both of these quotes: “If youre going to get mad at me everytime I do something stupid then I guess Ill have to stop doing stupid things!” and Stupid, eh? Yeah, Im stupid. Stupid like a fox!”.?
357	358	mhannon	AL	Which of the statements is not true about the end of the book The Help?
676	677	thientran	E	From what country did Winona Ryders grandparents emigrate to the United States?
433	434	kaikeins	H	Cats were revered animals in ancient Egypt.
757	758	thientran	H	The Roman goddess Vesta was considered the protector of which of the following?
822	823	thientran	SN	Halotherapy or speleotherapy is a medical treatment which employs which of the following?
894	895	thientran	AL	Which novel of James Clavels popular Asian Saga opens in 1945 and focuses on prisoners of war in a Japanese camp in Singapore?
559	560	kaikeins	H	How were presidents Frankin Roosevelt and Theodore Roosevelt related?
36	37	ehansellbaum	AL	Who wrote The Prince of Beverly Hills, Strategic Moves, and Orchid Beach?
920	921	ehansellbaum	E	Which state capital did Gary Cooper grow up in?
447	448	kaikeins	E	What film featured Tony Curtis and Jack Lemmon dressed as women?
104	105	ehansellbaum	AL	In the series Percy Jackson  the Olympians, Lukes sword is called Backbiter.
256	257	mhannon	E	In the movie Grown Ups, Lenny runs into an old nemesis at a restaurant. What is his name?
156	157	ehansellbaum	E	Which character did John Cleese play in James Bond films?
932	933	ehansellbaum	AL	What are the names of author J. P. Donleavy?
679	680	thientran	AL	How many times in the complete Sherlock Holmes stories by Conan Doyle does Holmes use the phrase Elementary, my dear Watson.?
674	675	thientran	E	What movie involving cataclysmic events and starring John Cusack was intentionally released on Friday, November 13, 2009?
223	224	mhannon	E	This 2009 film deals with Nelson Mandelas use of an integrated South African rugby team to help unify his nation.
673	674	thientran	AL	Whose cattle did Hermes steal when he was just a day old?
403	404	kaikeins	H	Tenzin Gyatso, who was born in 1935, is the fourteenth Dalai Lama.
408	409	kaikeins	E	Which of the Teenage Mutant Ninja Turtles wears a red mask and red cloth around his knees?
152	153	ehansellbaum	E	What was the intersection of connecting streets that Madame Rue had a pad on in the song Love Potion # 9?
860	861	thientran	SN	Slugs have 3 noses.
609	610	kaikeins	H	He was the first person to be number one on the FBIs Ten Most Wanted list.
508	509	kaikeins	G	Name the capital of Egypt, which is also the largest city in Africa.
954	955	ehansellbaum	E	In what unusual location did Alicia Silverstone marry her longtime boyfriend Christopher Jarecki?
720	721	thientran	H	An estimated two billion people watched the royal wedding of Prince William and Catherine Middleton, which took place on 29 April, 2011 at this venue in London.
61	62	ehansellbaum	H	He became the first monarch of the House of Windsor, which he renamed from the House of Saxe-Coburg and Gotha due to anti-Germanic public feeling. he was the first British monarch to deliver a speech on the radio.
437	438	kaikeins	H	Why did Adolf Hitler fail at high school, and had to repeat sixth grade?
425	426	kaikeins	E	When visiting India, what did Paladin do that made the natives respect him?
184	185	ehansellbaum	E	Although this film cost $44 million due to time overruns, it only grossed $3.5 million. Heres some critics comments on this 1980 film: unqualified disaster, the most scandalous cinematic waste Ive ever seen., beyond belief. In 2012 a reedited version was presented at the New York Film Festival to critical acclaim.
30	31	ehansellbaum	SN	The pubis of which of these dinosaurs points forward?
528	529	kaikeins	E	What does Sid (the kid next door) do to Buzz in the movie Toy Story?
652	653	thientran	H	Name the spiritual teacher from ancient India who founded Buddhism.
290	291	mhannon	AL	Virgin Annunciate was the last work of which Italian painter from Sicily?
936	937	ehansellbaum	H	This war started in 1701, when the King of France tried to unite both France and Spain under a single Emperor.
466	467	kaikeins	AL	The word serif in the context of typefaces refers to what?
222	223	mhannon	E	What English actress has played tragic historical characters such as Isadora Duncan, Anne Boleyn and Mary, Queen of Scots?
545	546	kaikeins	E	Who won the award for Worst Screen Couple at the 30th Golden Raspberry Awards in 2010?
780	781	thientran	H	The famous Statue of David by Michelangelo was created at the beginning of 16 century.
965	966	ehansellbaum	SN	What type of medical procedure is auscultation?
963	964	ehansellbaum	AL	The clue words are Mammal, Gnu, Middle and Dutch. Guess the password.
142	143	ehansellbaum	E	Who is the cheerful brown dog at Webkinz Stadium?
610	611	kaikeins	E	This punk icon declared the night a possession of lovers, lust and us.
791	792	thientran	E	What is the perk associated with the use of melee weapons in KF?
823	824	thientran	H	Ralph Lauren came to prominence after designing the notable short sleeve mesh shirt with the Polo logo.
80	81	ehansellbaum	AL	According the legends Merovingians as descendants of the Trojans or of a five-headed sea monster known as the Quinotaur
496	497	kaikeins	E	What Grammy Award-winning song by Amy Winehouse references soul musicians Ray Charles and Donny Hathaway?
82	83	ehansellbaum	E	What movie title was translated as The Spy Who Behaved Very Nicely Around Me in Malaysia?
923	924	ehansellbaum	H	The first family to have two members climb Mount Everest has this last name.
326	327	mhannon	E	What is the last film Judy Garland made for MGM?
987	988	ehansellbaum	E	Sandra Bullock was engaged to this actor whom she met while filming Love Potion No. 9.
943	944	ehansellbaum	G	With a depth of approximately 36,000 feet, Challenger Deep is the lowest point on Earth.
737	738	thientran	SL	I crossed a cell phone with a skunk, and now ______________.
981	982	ehansellbaum	H	The Virginia Tech Massacre is the deadliest school massacre is the history of the United States.
103	104	ehansellbaum	SL	What Italian dish consists of salami, anchovies, artichokes, olives, and other appetizers?
833	834	thientran	AL	Adelphia, John Carr, Caleb and Reuben appear in a series of books by this author.
371	372	mhannon	AL	Which Jane Austen novel focuses on Catherine Morland, a girl who likes reading Gothic novels?
835	836	thientran	SN	Angiography is a medical procedure which explores which of the following?
689	690	thientran	E	When did Sophia Loren pose for the Pirelli Calendar?
600	601	kaikeins	E	This film from 1970 is one disowned by Gore Vidal who called it an awful joke. A Time Magazine critic said this movie was about as funny as a child molester. The Book of Lists stated that there was something in the movie to offend absolutely everyone.
678	679	thientran	E	This film producer, director, screenwriter and voice actor, born in Chicago, Illinois, founded one of the largest entertainment companies in the world.
792	793	thientran	SL	Im reading a book about anti-gravity. (Provide the next sentence),
494	495	kaikeins	SL	A boiled egg in the morning is __________.
41	42	ehansellbaum	E	How many Dalmatian puppies were stolen by Cruella, Jasper and Horace in the movie One Hundred and One Dalmatians?
93	94	ehansellbaum	AL	What is the name of the Roman God of war?
524	525	kaikeins	H	Who made the final decision to drop atomic bombs on Japan?
684	685	thientran	AL	Gullivers final voyage took him to the fictional and of the Houyhnhnms where horses ruled and humans existed only as degraded brutes.
336	337	mhannon	E	In which Batman movie did Val Kilmer portray Batman and Bruce Wayne?
618	619	kaikeins	SN	This era lasted from 251 million to 65 million years ago.
325	326	mhannon	SN	Horses evolved in North America but became extinct there 10,000 years ago.
560	561	kaikeins	AL	According to a Middle English romance, this knight of the Round Table accepts a challenge from a mysterious warrior who is completely green.
254	255	mhannon	AL	When did the Rococo style develop?
389	390	mhannon	H	In this battle British general Montgomery ended the German/Italian threat to Egypt and the Suez Canal by a decisive victory in 1942 that proved to be the turning point of the war in North Africa.
448	449	kaikeins	AL	Italian painter Sandro Botticelli belonged to the Florentine school.
962	963	ehansellbaum	H	Known as the Poppy Lady, this U.S. professor and humanitarian conceived the idea of wearing poppies as a symbol of remembrance for those who served in World War I.
63	64	ehansellbaum	E	In the 2011 movie Sherlock Holmes: A Game of Shadows, these two actors star as Sherlock Holmes and his sidekick Dr. Watson who join forces to outwit their fiercest adversary, Professor Moriarty.
583	584	kaikeins	H	David Livingstone wrote about the Niagara Falls: Scenes so lovely must have been gazed upon by angels in their flight.
786	787	thientran	AL	What other novel by Joseph Heller further explores the motif of bureaucratic absurdity and features some of the major Catch-22 characters?
829	830	thientran	E	Michael Palin has written and presented several television documentaries on art, including one on the artist Vilhelm Hammershøi. What nationality was Hammershøi?
658	659	thientran	SL	This prominent science fiction author dropped out of school at the age of 14, when his father, a professional cricket player, fractured his thigh. His unhappy apprenticeship as a draper inspired his novels The Wheels of Chance and Kip.
296	297	mhannon	AL	The name of which legendary island comes from a word meaning apple?
682	683	thientran	AL	How many children did Charles Dickens have?
289	290	mhannon	SN	Female anglerfish have a fleshy growth on their heads which acts as a lure.
766	767	thientran	H	What European countrys government buildings were bombed in July 2011 by a terrorist, named Anders Breivik?
275	276	mhannon	E	If Youve Got Ten Minutes, Lets Fall in Love was sung by this gent who also had a #1 country hit in both US and Canada called Roll On Big Mama. He teamed up with Moe Bandy and under the name Moe and Joe they recorded some rather comedic songs like the #1 US hit Good Ole Boys. Well, you know one of the boys, whos the other?
185	186	ehansellbaum	H	Who put up the money to start the Hudson Motor Car Company?
91	92	ehansellbaum	SL	A hole has been found in the nudist camp wall. The police are _____    ______    _______.
124	125	ehansellbaum	H	Which US President granted a pardon to all former Confederate soldiers?
39	40	ehansellbaum	H	What statement is true about Jacob Roggeveen?
908	909	ehansellbaum	AL	In which of his novels does Ray Bradbury describe a nightmarish traveling carnival called Cooger  Darks Pandemonium Shadow Show?
764	765	thientran	H	What king of England, depicted in a self-titled Shakespearean play, won a decisive victory at the Battle of Agincourt during the Hundred Years War?
568	569	kaikeins	H	From 1971–1998 David Livingstones image was portrayed on £10 notes.
343	344	mhannon	E	What make and model of car was impounded by the police in the movie Redline?
19	20	ehansellbaum	H	Relax, this wont hurt. were the last words of this inventor of Gonzo journalism.
251	252	mhannon	G	This wall, sometimes called the Wailing Wall, is one of the most sacred sites in Judaism.
195	196	ehansellbaum	SL	I have eight to spare, in case I lose my one.
27	28	ehansellbaum	AL	What does the abbreviation ZOG stand for?
897	898	thientran	H	The Caesar Augustus Bust was made from Carrara marble.
33	34	ehansellbaum	H	Who was the mother of King Henry I of England?
121	122	ehansellbaum	H	Dolmabahçe Palace was home to six Sultans.
874	875	thientran	H	What name is given to a variety of fictional and factual events of 1212 which are related to the conversion of Muslims in the Holy Land to Christianity?
128	129	ehansellbaum	AL	Nancy Drews sleuthing sidekicks, Bess Marvin and George Fayne, are of what relation to Nancy?
395	396	mhannon	AL	According to Greek mythology, Kronos ate his children.
636	637	kaikeins	AL	A recurring joke in the novel Catch-22 is that this character bears a striking resemblance to Henry Fonda.
818	819	thientran	E	This 1981 film was the first film to win 5 Razzies out of 9 nominations (Worst Picture, Actress, Supporting Actress, Supporting Actor and, Screenplay. In subsequent years it won the Worst Picture of the Decade and Worst Drama of our First 25 Years. Roger Ebert wrote I cant imagine who would want to subject themselves to this movie. Variety made this comment about the lead actress: She does not chew scenery. She starts neatly at each corner of the set in every scene and swallows it whole, costars and all.
181	182	ehansellbaum	E	Who composed The Blue Danube waltz, which has become a sort of unofficial Austrian national anthem?
852	853	thientran	E	Which of these Academy Awards did the French movie The Artist NOT receive?
996	997	ehansellbaum	H	To protect the rights of US citizens ten amendments (changes) were added to the constitution that guarantee the freedom of speech, freedom of the press, etc. What is the common name for these ten amendments?
848	849	thientran	H	John Jacob Astor, the first multi-millionaire in the United States, started out as a fur trader.
958	959	ehansellbaum	AL	What is Ray Bradburys home city of Waukegan called in some of his novels?
207	208	mhannon	E	Who was Gene Kellys co-star in The Pirate?
153	154	ehansellbaum	G	Which of these mountains is located on the border between Sagarmatha Zone, Nepal, and Tibet, China?
282	283	mhannon	E	Who is the director of the 2007 movie Redline?
634	635	kaikeins	H	Which statement is true about the justices (judges) of the US Supreme Court?
59	60	ehansellbaum	H	The site of this 1862 battle had been the scene of a previous battle?
15	16	ehansellbaum	E	The movie A Man for All Seasons portrays Sir Thomas More, the 16th-century Lord Chancellor of England, who refused to take an Oath of Supremacy declaring the monarch the Supreme Head of the Church of England. Who was the monarch?
348	349	mhannon	SN	Bing Crosby exerted an important influence in the development of what technology?
906	907	ehansellbaum	H	Possibly the largest tank battle in history was fought in 1943 near a Soviet city that gives its name to the battle. Both sides took heavy losses of tanks and men but in the end the Soviets prevailed and the Germans had to begin the long retreat that would eventually take them all the way back to Germany. What was the name of the city and the battle?
342	343	mhannon	E	What did Kate Winslet began studying in Redroofs Theatre School at the age of 11?
68	69	ehansellbaum	H	When was the Eighty Years War fought?
168	169	ehansellbaum	AL	Crime and punishment and Brothers Karamazov are novels written by Fyodor Mikhailovich Dostoevsky.
603	604	kaikeins	E	What Disney heroine is looked after by her overprotective mother Gothel?
396	397	mhannon	AL	This character from the novel House of Stairs is one of the few homosexual Gothic heroines in the history of Gothic literature.
237	238	mhannon	E	Luka was a massive hit song for this singer in 1987.
721	722	thientran	E	In which movie did Michael Douglas portray unemployed defense engineer William D-Fens Foster?
639	640	kaikeins	SN	Rats vomit if they eat asparagus.
4	5	ehansellbaum	SL	The terms thimithi, anastenaria, nestinarstvo refer to what ritual involving fire?
888	889	thientran	E	Charlie Chan movies are not popular in China because the Chinese did not like the way Chan was portrayed.
99	100	ehansellbaum	E	What movie earned Grace Kelly the Academy Award for Best Actress?
944	945	ehansellbaum	E	Which one of King Lears daughters is sent into exile after she refuses to profess her love for her father?
474	475	kaikeins	H	The constitution of the US presently used is the second constitution of the United States that was approved by the states. What was the first one called?
506	507	kaikeins	AL	Who are Massies crushes in The Clique series of books?
850	851	thientran	E	How did Jason Voorhees, the son of a camp cook-turned-murderer, die in the slasher movie Friday the 13th?
925	926	ehansellbaum	E	Who are the moles working for the FBI in Season 7 of 24?
969	970	ehansellbaum	SL	England has no kidney bank, but it does have a ___________
95	96	ehansellbaum	E	Which building trains Allied Raider Mammoths in the strategy game Battle Nations?
155	156	ehansellbaum	SL	Nicknamed The Emperor, this fashion designer became known for his red dresses.
331	332	mhannon	E	What names did Gwyneth Paltrow give to her daughter and son?
571	572	kaikeins	SN	All chameleons change their color to blend in with their environment.
253	254	mhannon	E	The Unbelievable Trip In A Wacky Aeroplane or The Incredible Journey In A Crazy Airplane are the German titles of this movie. In Australia, New Zealand, South Africa, Japan and the Philippines it is known as Flying High.
727	728	thientran	SN	What is the medical term for Adams Apple?
831	832	thientran	G	In how many provinces is the Dominican Republic divided?
105	106	ehansellbaum	E	To which Hollywood actor was Gwyneth Paltrow engaged in the mid 1990s?
667	668	thientran	SN	House mice have not one, but two of which of the following organs?
285	286	mhannon	SN	This term refers to the fear of fats in food.
64	65	ehansellbaum	E	In the Toy Story movies, Buzz doesnt like Jessie.
976	977	ehansellbaum	G	The enormous Bohemian crystal chandelier, which is in the center hall of Dolmabahce Palace, was a gift from Queen Elizabeth I of England.
438	439	kaikeins	SN	Goldfish never lose their color.
746	747	thientran	H	Which of the following statements is true about the Medici family?
288	289	mhannon	E	Final Call – When He Hangs Up She Has to Die is the German title of this movie.
218	219	mhannon	E	Jeanette MacDonald and Nelson Eddys last film together was directed by W.S.Van Dyke II in 1942. Richard Rodgers and Herbert Stothart provided the bulk of the music including the title song, Spring Is Here and Les tringles des sistres tintaient (Gypsy song), which are the only duets by the pair. Edward Everett Horton, Binnie Barnes and Reginald Owen also appear in the movie.
456	457	kaikeins	SN	Because of the color of the rocks in which it is carved in, the ancient city of Petra is known also known as which of these?
747	748	thientran	E	Name Firestars best friend who was captured by twolegs in the series Warriors.
853	854	thientran	E	Jet Li stars in the 2008 remake of Death Race.
899	900	thientran	E	What was the name of Paladins favorite bellhop at the hotel?
340	341	mhannon	E	Who voices Vanessa in Bee Movie?
851	852	thientran	H	What was the name of the student and former marine who shot and killed fourteen people from the tower of the main building of the University of Texas?
964	965	ehansellbaum	E	Which actress did Kim Carnes sing about in 1981?
300	301	mhannon	AL	What nationality is author Orhan Pamuk who won the 2006 Nobel Prize in Literature for his novel Snow?
470	471	kaikeins	H	Mustafa Kemal Atatürk, the founder and first President of the Republic of Turkey, lived in Dolmabahçe Palace.
942	943	ehansellbaum	E	Which 2012 movie stars Daniel Radcliffe as a penniless lawyer and widowed father?
907	908	ehansellbaum	H	Who was the founder of Sikhism?
427	428	kaikeins	AL	Who told Fireheart about Bluestars kits in the series Warriors?
878	879	thientran	E	What is the name the character in Swan Lake which is generally known as the Black Swan?
811	812	thientran	E	Who portrays former MI6 operative Raoul Silva in the twenty-third film of the James Bond film series, Skyfall?
532	533	kaikeins	E	In the summer of 2000, beauty company Olay started its Definity Eye Cream campaign depicting Twiggy.
510	511	kaikeins	SL	The mixture of shaved ice and evaporated milk, known as Halo-halo, originated in this country.
836	837	thientran	AL	In the novel The Hunger Games, Katniss finds out that both tributes from the same district can win and when she sees Peeta again, he is injured badly in which body part?
986	987	ehansellbaum	H	Which of these were brought back into fashion during the rule of Napoleon Bonaparte as the Emperor of the French?
725	726	thientran	H	Following this kings execution, the monarchy was abolished and a republic called the Commonwealth of England was declared.
113	114	ehansellbaum	E	Gwyneth Paltrow is known for practicing which of the following?
126	127	ehansellbaum	AL	After encountering Zeus, Cronus was imprisoned forever.
922	923	ehansellbaum	SN	This early super-continent formed during the Mesoproterozoic era.
355	356	mhannon	E	In May 2012, this celebrity married Priscilla Chan, in a ceremony at his home in Palo Alto, California.
637	638	kaikeins	E	Katharine Hepburn co-starred with Spencer Tracy years before Bette Davis did.
108	109	ehansellbaum	E	What is the main setting of the horror movie Shadow of the Vampire, starring John Malkovich, Willem Dafoe and Udo Kier?
930	931	ehansellbaum	AL	This is Sylvia Plaths only novel, which was originally published under the pseudonym Victoria Lucas. The protagonists descent into mental illness parallels Plaths own experiences.
391	392	mhannon	SN	What is the largest interval of time on most geologic time scales?
857	858	thientran	E	What 1990s television documentary did Peter Graves host on AE?
645	646	kaikeins	AL	This deity used to be a mortal, but Aeneus desired her and cheated on his wife, Lavinia, with her. Lavinia got jealous, so the woman fled, and was taken away by the stream god, Numicus. Who is this woman?
133	134	ehansellbaum	E	Who did Barbie fall in love with in Toy Story 3?
713	714	thientran	SL	Who said, “Some people think having large breasts makes a woman stupid. Actually, its quite the opposite: A woman having large breasts makes men stupid.”?
323	324	mhannon	H	In which of these present day countries did David Livingstone die?
193	194	ehansellbaum	AL	Who wrote A Week with Gandhi?
956	957	ehansellbaum	AL	Charles Dickens was buried in the Poets Corner of Westminster Abbey.
477	478	kaikeins	H	What village was designated as the official birthplace of Memorial Day by President Lyndon B. Johnson?
393	394	mhannon	H	The Vienna State Opera was first known as the Vienna Court Opera.
790	791	thientran	G	Which of these nicknames refers to the U.S. state of South Dakota?
51	52	ehansellbaum	H	To what ethnic group did legendary King Arthur belong?
513	514	kaikeins	G	What former capital of Japan lends its name to a famous Protocol aimed at combating global warming?
23	24	ehansellbaum	H	Also known as D-Day, this was the invasion of German-occupied northern France in 1944 by British, Canadian, US and other allied nations troops.
214	215	mhannon	E	At the 1st Academy Awards ceremony this film was nominated for the most Academy Awards (5) and won only three.
120	121	ehansellbaum	H	Bernadette Soubirous is considered a Christian mystic.
434	435	kaikeins	H	What statement is true about Isaiah Sellers?
557	558	kaikeins	AL	Which of these novels was not penned by Charles Dickens?
570	571	kaikeins	E	“Creating a cultural icon out of someone who goes, Im stupid, isnt it cute? makes me want to throw daggers. I want to say to them, My grandma did not fight for what she fought for just so you can start telling women its fun to be stupid. Saying that to young women, little girls, my daughter? Its not OK.” Which actress owns this one?
691	692	thientran	H	In what way did Adolf Hitler commit suicide?
995	996	ehansellbaum	E	What movie stars James Woods as Jack Crow, the leader of a Catholic Church-sanctioned team of vampire hunters?
264	265	mhannon	E	What 1982 John Carpenter horror film was remade in 2011?
451	452	kaikeins	E	For which of the following did actress Winona Ryder offer a $200,000 reward in 1993?
